{
  "CVE-2021-41773": {"epss_score": 0.93210, "percentile": 99.21},
  "CVE-2021-42013": {"epss_score": 0.89140, "percentile": 98.87},
  "CVE-2022-22965": {"epss_score": 0.97120, "percentile": 99.67},
  "CVE-2021-44228": {"epss_score": 0.97910, "percentile": 99.82},
  "CVE-2023-46604": {"epss_score": 0.81230, "percentile": 97.45},
  "CVE-2022-0543": {"epss_score": 0.45320, "percentile": 76.34},
  "CVE-2023-44487": {"epss_score": 0.91200, "percentile": 99.01},
  "CVE-2021-30563": {"epss_score": 0.12450, "percentile": 32.45},
  "CVE-2022-26134": {"epss_score": 0.96870, "percentile": 99.58},
  "CVE-2023-25194": {"epss_score": 0.31200, "percentile": 65.12},
  "CVE-2021-22986": {"epss_score": 0.21500, "percentile": 48.90},
  "CVE-2023-23752": {"epss_score": 0.56780, "percentile": 82.34},
  "CVE-2024-21626": {"epss_score": 0.82340, "percentile": 97.67},
  "CVE-2023-22527": {"epss_score": 0.94210, "percentile": 99.34},
  "CVE-2022-36804": {"epss_score": 0.67890, "percentile": 88.45}
}
